{"__meta":{"schema_version":3,"schema_name":"GBMModelV3","schema_type":"GBMModel"},"model_id":{"__meta":{"schema_version":3,"schema_name":"ModelKeyV3","schema_type":"Key<Model>"},"name":"nicoranalysis","type":"Key<Model>","URL":"/3/Models/nicoranalysis"},"algo":"gbm","algo_full_name":"Gradient Boosting Machine","response_column_name":"avgtemp","data_frame":{"__meta":{"schema_version":3,"schema_name":"FrameKeyV3","schema_type":"Key<Frame>"},"name":"RTMP_sid_a0ec_6","type":"Key<Frame>","URL":"/3/Frames/RTMP_sid_a0ec_6"},"timestamp":1639623639067,"have_pojo":true,"have_mojo":true,"algo":"gbm","algo_full_name":"Gradient Boosting Machine","model_id":{"__meta":{"schema_version":3,"schema_name":"ModelKeyV3","schema_type":"Key<Model>"},"name":"nicoranalysis","type":"Key<Model>","URL":"/3/Models/nicoranalysis"},"parameters":[{"__meta":{"schema_version":3,"schema_name":"ModelParameterSchemaV3","schema_type":"Iced"},"name":"model_id","label":"model_id","help":"Destination id for this model; auto-generated if not specified.","required":false,"type":"Key<Model>","default_value":null,"actual_value":{"__meta":{"schema_version":3,"schema_name":"ModelKeyV3","schema_type":"Key<Model>"},"name":"nicoranalysis","type":"Key<Model>","URL":"/3/Models/nicoranalysis"},"input_value":null,"level":"critical","values":[],"is_member_of_frames":[],"is_mutually_exclusive_with":[],"gridable":false},{"__meta":{"schema_version":3,"schema_name":"ModelParameterSchemaV3","schema_type":"Iced"},"name":"training_frame","label":"training_frame","help":"Id of the training data frame.","required":false,"type":"Key<Frame>","default_value":null,"actual_value":{"__meta":{"schema_version":3,"schema_name":"FrameKeyV3","schema_type":"Key<Frame>"},"name":"RTMP_sid_a0ec_6","type":"Key<Frame>","URL":"/3/Frames/RTMP_sid_a0ec_6"},"input_value":{"__meta":{"schema_version":3,"schema_name":"FrameKeyV3","schema_type":"Key<Frame>"},"name":"RTMP_sid_a0ec_6","type":"Key<Frame>","URL":"/3/Frames/RTMP_sid_a0ec_6"},"level":"critical","values":[],"is_member_of_frames":[],"is_mutually_exclusive_with":[],"gridable":false},{"__meta":{"schema_version":3,"schema_name":"ModelParameterSchemaV3","schema_type":"Iced"},"name":"validation_frame","label":"validation_frame","help":"Id of the validation data frame.","required":false,"type":"Key<Frame>","default_value":null,"actual_value":{"__meta":{"schema_version":3,"schema_name":"FrameKeyV3","schema_type":"Key<Frame>"},"name":"RTMP_sid_a0ec_7","type":"Key<Frame>","URL":"/3/Frames/RTMP_sid_a0ec_7"},"input_value":{"__meta":{"schema_version":3,"schema_name":"FrameKeyV3","schema_type":"Key<Frame>"},"name":"RTMP_sid_a0ec_7","type":"Key<Frame>","URL":"/3/Frames/RTMP_sid_a0ec_7"},"level":"critical","values":[],"is_member_of_frames":[],"is_mutually_exclusive_with":[],"gridable":true},{"__meta":{"schema_version":3,"schema_name":"ModelParameterSchemaV3","schema_type":"Iced"},"name":"nfolds","label":"nfolds","help":"Number of folds for K-fold cross-validation (0 to disable or >= 2).","required":false,"type":"int","default_value":0,"actual_value":0,"input_value":0,"level":"critical","values":[],"is_member_of_frames":[],"is_mutually_exclusive_with":[],"gridable":false},{"__meta":{"schema_version":3,"schema_name":"ModelParameterSchemaV3","schema_type":"Iced"},"name":"keep_cross_validation_models","label":"keep_cross_validation_models","help":"Whether to keep the cross-validation models.","required":false,"type":"boolean","default_value":true,"actual_value":true,"input_value":true,"level":"expert","values":[],"is_member_of_frames":[],"is_mutually_exclusive_with":[],"gridable":false},{"__meta":{"schema_version":3,"schema_name":"ModelParameterSchemaV3","schema_type":"Iced"},"name":"keep_cross_validation_predictions","label":"keep_cross_validation_predictions","help":"Whether to keep the predictions of the cross-validation models.","required":false,"type":"boolean","default_value":false,"actual_value":false,"input_value":false,"level":"expert","values":[],"is_member_of_frames":[],"is_mutually_exclusive_with":[],"gridable":false},{"__meta":{"schema_version":3,"schema_name":"ModelParameterSchemaV3","schema_type":"Iced"},"name":"keep_cross_validation_fold_assignment","label":"keep_cross_validation_fold_assignment","help":"Whether to keep the cross-validation fold assignment.","required":false,"type":"boolean","default_value":false,"actual_value":false,"input_value":false,"level":"expert","values":[],"is_member_of_frames":[],"is_mutually_exclusive_with":[],"gridable":false},{"__meta":{"schema_version":3,"schema_name":"ModelParameterSchemaV3","schema_type":"Iced"},"name":"score_each_iteration","label":"score_each_iteration","help":"Whether to score during each iteration of model training.","required":false,"type":"boolean","default_value":false,"actual_value":true,"input_value":true,"level":"secondary","values":[],"is_member_of_frames":[],"is_mutually_exclusive_with":[],"gridable":false},{"__meta":{"schema_version":3,"schema_name":"ModelParameterSchemaV3","schema_type":"Iced"},"name":"score_tree_interval","label":"score_tree_interval","help":"Score the model after every so many trees. Disabled if set to 0.","required":false,"type":"int","default_value":0,"actual_value":0,"input_value":0,"level":"secondary","values":[],"is_member_of_frames":[],"is_mutually_exclusive_with":[],"gridable":false},{"__meta":{"schema_version":3,"schema_name":"ModelParameterSchemaV3","schema_type":"Iced"},"name":"fold_assignment","label":"fold_assignment","help":"Cross-validation fold assignment scheme, if fold_column is not specified. The 'Stratified' option will stratify the folds based on the response variable, for classification problems.","required":false,"type":"enum","default_value":"AUTO","actual_value":null,"input_value":"AUTO","level":"secondary","values":["AUTO","Random","Modulo","Stratified"],"is_member_of_frames":[],"is_mutually_exclusive_with":[],"gridable":true},{"__meta":{"schema_version":3,"schema_name":"ModelParameterSchemaV3","schema_type":"Iced"},"name":"fold_column","label":"fold_column","help":"Column with cross-validation fold index assignment per observation.","required":false,"type":"VecSpecifier","default_value":null,"actual_value":null,"input_value":null,"level":"secondary","values":[],"is_member_of_frames":["training_frame"],"is_mutually_exclusive_with":["response_column","weights_column","ignored_columns","offset_column"],"gridable":true},{"__meta":{"schema_version":3,"schema_name":"ModelParameterSchemaV3","schema_type":"Iced"},"name":"response_column","label":"response_column","help":"Response variable column.","required":false,"type":"VecSpecifier","default_value":null,"actual_value":{"__meta":{"schema_version":3,"schema_name":"ColSpecifierV3","schema_type":"VecSpecifier"},"column_name":"avgtemp","is_member_of_frames":null},"input_value":{"__meta":{"schema_version":3,"schema_name":"ColSpecifierV3","schema_type":"VecSpecifier"},"column_name":"avgtemp","is_member_of_frames":null},"level":"critical","values":[],"is_member_of_frames":["training_frame","validation_frame"],"is_mutually_exclusive_with":["weights_column","ignored_columns","offset_column","fold_column"],"gridable":true},{"__meta":{"schema_version":3,"schema_name":"ModelParameterSchemaV3","schema_type":"Iced"},"name":"ignored_columns","label":"ignored_columns","help":"Names of columns to ignore for training.","required":false,"type":"string[]","default_value":null,"actual_value":["date.x","ontimes","coolingtimes","avgtemp_flag","avghumidity_flag","month.x","year.x","monthyear","readingdate","readingtype","date.y","billdate","distcharge","month.y","year.y"],"input_value":["date.x","ontimes","coolingtimes","avgtemp_flag","avghumidity_flag","month.x","year.x","monthyear","readingdate","readingtype","date.y","billdate","distcharge","month.y","year.y"],"level":"critical","values":[],"is_member_of_frames":["training_frame","validation_frame"],"is_mutually_exclusive_with":["response_column","weights_column","offset_column","fold_column"],"gridable":false},{"__meta":{"schema_version":3,"schema_name":"ModelParameterSchemaV3","schema_type":"Iced"},"name":"ignore_const_cols","label":"ignore_const_cols","help":"Ignore constant columns.","required":false,"type":"boolean","default_value":true,"actual_value":true,"input_value":true,"level":"critical","values":[],"is_member_of_frames":[],"is_mutually_exclusive_with":[],"gridable":false},{"__meta":{"schema_version":3,"schema_name":"ModelParameterSchemaV3","schema_type":"Iced"},"name":"offset_column","label":"offset_column","help":"Offset column. This will be added to the combination of columns before applying the link function.","required":false,"type":"VecSpecifier","default_value":null,"actual_value":null,"input_value":null,"level":"secondary","values":[],"is_member_of_frames":["training_frame","validation_frame"],"is_mutually_exclusive_with":["response_column","weights_column","ignored_columns","fold_column"],"gridable":true},{"__meta":{"schema_version":3,"schema_name":"ModelParameterSchemaV3","schema_type":"Iced"},"name":"weights_column","label":"weights_column","help":"Column with observation weights. Giving some observation a weight of zero is equivalent to excluding it from the dataset; giving an observation a relative weight of 2 is equivalent to repeating that row twice. Negative weights are not allowed. Note: Weights are per-row observation weights and do not increase the size of the data frame. This is typically the number of times a row is repeated, but non-integer values are supported as well. During training, rows with higher weights matter more, due to the larger loss function pre-factor. If you set weight = 0 for a row, the returned prediction frame at that row is zero and this is incorrect. To get an accurate prediction, remove all rows with weight == 0.","required":false,"type":"VecSpecifier","default_value":null,"actual_value":null,"input_value":null,"level":"secondary","values":[],"is_member_of_frames":["training_frame","validation_frame"],"is_mutually_exclusive_with":["response_column","ignored_columns","offset_column","fold_column"],"gridable":true},{"__meta":{"schema_version":3,"schema_name":"ModelParameterSchemaV3","schema_type":"Iced"},"name":"balance_classes","label":"balance_classes","help":"Balance training data class counts via over/under-sampling (for imbalanced data).","required":false,"type":"boolean","default_value":false,"actual_value":false,"input_value":false,"level":"secondary","values":[],"is_member_of_frames":[],"is_mutually_exclusive_with":[],"gridable":true},{"__meta":{"schema_version":3,"schema_name":"ModelParameterSchemaV3","schema_type":"Iced"},"name":"class_sampling_factors","label":"class_sampling_factors","help":"Desired over/under-sampling ratios per class (in lexicographic order). If not specified, sampling factors will be automatically computed to obtain class balance during training. Requires balance_classes.","required":false,"type":"float[]","default_value":null,"actual_value":null,"input_value":null,"level":"expert","values":[],"is_member_of_frames":[],"is_mutually_exclusive_with":[],"gridable":true},{"__meta":{"schema_version":3,"schema_name":"ModelParameterSchemaV3","schema_type":"Iced"},"name":"max_after_balance_size","label":"max_after_balance_size","help":"Maximum relative size of the training data after balancing class counts (can be less than 1.0). Requires balance_classes.","required":false,"type":"float","default_value":5.0,"actual_value":5.0,"input_value":5.0,"level":"expert","values":[],"is_member_of_frames":[],"is_mutually_exclusive_with":[],"gridable":true},{"__meta":{"schema_version":3,"schema_name":"ModelParameterSchemaV3","schema_type":"Iced"},"name":"max_confusion_matrix_size","label":"max_confusion_matrix_size","help":"[Deprecated] Maximum size (# classes) for confusion matrices to be printed in the Logs","required":false,"type":"int","default_value":20,"actual_value":20,"input_value":20,"level":"secondary","values":[],"is_member_of_frames":[],"is_mutually_exclusive_with":[],"gridable":false},{"__meta":{"schema_version":3,"schema_name":"ModelParameterSchemaV3","schema_type":"Iced"},"name":"ntrees","label":"ntrees","help":"Number of trees.","required":false,"type":"int","default_value":50,"actual_value":100,"input_value":100,"level":"critical","values":[],"is_member_of_frames":[],"is_mutually_exclusive_with":[],"gridable":true},{"__meta":{"schema_version":3,"schema_name":"ModelParameterSchemaV3","schema_type":"Iced"},"name":"max_depth","label":"max_depth","help":"Maximum tree depth (0 for unlimited).","required":false,"type":"int","default_value":5,"actual_value":5,"input_value":5,"level":"critical","values":[],"is_member_of_frames":[],"is_mutually_exclusive_with":[],"gridable":true},{"__meta":{"schema_version":3,"schema_name":"ModelParameterSchemaV3","schema_type":"Iced"},"name":"min_rows","label":"min_rows","help":"Fewest allowed (weighted) observations in a leaf.","required":false,"type":"double","default_value":10.0,"actual_value":10.0,"input_value":10.0,"level":"critical","values":[],"is_member_of_frames":[],"is_mutually_exclusive_with":[],"gridable":true},{"__meta":{"schema_version":3,"schema_name":"ModelParameterSchemaV3","schema_type":"Iced"},"name":"nbins","label":"nbins","help":"For numerical columns (real/int), build a histogram of (at least) this many bins, then split at the best point","required":false,"type":"int","default_value":20,"actual_value":20,"input_value":20,"level":"critical","values":[],"is_member_of_frames":[],"is_mutually_exclusive_with":[],"gridable":true},{"__meta":{"schema_version":3,"schema_name":"ModelParameterSchemaV3","schema_type":"Iced"},"name":"nbins_top_level","label":"nbins_top_level","help":"For numerical columns (real/int), build a histogram of (at most) this many bins at the root level, then decrease by factor of two per level","required":false,"type":"int","default_value":1024,"actual_value":1024,"input_value":1024,"level":"secondary","values":[],"is_member_of_frames":[],"is_mutually_exclusive_with":[],"gridable":true},{"__meta":{"schema_version":3,"schema_name":"ModelParameterSchemaV3","schema_type":"Iced"},"name":"nbins_cats","label":"nbins_cats","help":"For categorical columns (factors), build a histogram of this many bins, then split at the best point. Higher values can lead to more overfitting.","required":false,"type":"int","default_value":1024,"actual_value":1024,"input_value":1024,"level":"secondary","values":[],"is_member_of_frames":[],"is_mutually_exclusive_with":[],"gridable":true},{"__meta":{"schema_version":3,"schema_name":"ModelParameterSchemaV3","schema_type":"Iced"},"name":"r2_stopping","label":"r2_stopping","help":"r2_stopping is no longer supported and will be ignored if set - please use stopping_rounds, stopping_metric and stopping_tolerance instead. Previous version of H2O would stop making trees when the R^2 metric equals or exceeds this","required":false,"type":"double","default_value":1.7976931348623157E308,"actual_value":1.7976931348623157E308,"input_value":1.7976931348623157E308,"level":"secondary","values":[],"is_member_of_frames":[],"is_mutually_exclusive_with":[],"gridable":true},{"__meta":{"schema_version":3,"schema_name":"ModelParameterSchemaV3","schema_type":"Iced"},"name":"stopping_rounds","label":"stopping_rounds","help":"Early stopping based on convergence of stopping_metric. Stop if simple moving average of length k of the stopping_metric does not improve for k:=stopping_rounds scoring events (0 to disable)","required":false,"type":"int","default_value":0,"actual_value":0,"input_value":0,"level":"secondary","values":[],"is_member_of_frames":[],"is_mutually_exclusive_with":[],"gridable":true},{"__meta":{"schema_version":3,"schema_name":"ModelParameterSchemaV3","schema_type":"Iced"},"name":"stopping_metric","label":"stopping_metric","help":"Metric to use for early stopping (AUTO: logloss for classification, deviance for regression and anonomaly_score for Isolation Forest). Note that custom and custom_increasing can only be used in GBM and DRF with the Python client.","required":false,"type":"enum","default_value":"AUTO","actual_value":null,"input_value":"AUTO","level":"secondary","values":["AUTO","deviance","logloss","MSE","RMSE","MAE","RMSLE","AUC","AUCPR","lift_top_group","misclassification","mean_per_class_error","anomaly_score","custom","custom_increasing"],"is_member_of_frames":[],"is_mutually_exclusive_with":[],"gridable":true},{"__meta":{"schema_version":3,"schema_name":"ModelParameterSchemaV3","schema_type":"Iced"},"name":"stopping_tolerance","label":"stopping_tolerance","help":"Relative tolerance for metric-based stopping criterion (stop if relative improvement is not at least this much)","required":false,"type":"double","default_value":0.001,"actual_value":0.001,"input_value":0.001,"level":"secondary","values":[],"is_member_of_frames":[],"is_mutually_exclusive_with":[],"gridable":true},{"__meta":{"schema_version":3,"schema_name":"ModelParameterSchemaV3","schema_type":"Iced"},"name":"max_runtime_secs","label":"max_runtime_secs","help":"Maximum allowed runtime in seconds for model training. Use 0 to disable.","required":false,"type":"double","default_value":0.0,"actual_value":0.0,"input_value":0.0,"level":"secondary","values":[],"is_member_of_frames":[],"is_mutually_exclusive_with":[],"gridable":true},{"__meta":{"schema_version":3,"schema_name":"ModelParameterSchemaV3","schema_type":"Iced"},"name":"seed","label":"seed","help":"Seed for pseudo random number generator (if applicable)","required":false,"type":"long","default_value":-1,"actual_value":-4154394310128071219,"input_value":-1,"level":"critical","values":[],"is_member_of_frames":[],"is_mutually_exclusive_with":[],"gridable":true},{"__meta":{"schema_version":3,"schema_name":"ModelParameterSchemaV3","schema_type":"Iced"},"name":"build_tree_one_node","label":"build_tree_one_node","help":"Run on one node only; no network overhead but fewer cpus used. Suitable for small datasets.","required":false,"type":"boolean","default_value":false,"actual_value":false,"input_value":false,"level":"expert","values":[],"is_member_of_frames":[],"is_mutually_exclusive_with":[],"gridable":false},{"__meta":{"schema_version":3,"schema_name":"ModelParameterSchemaV3","schema_type":"Iced"},"name":"learn_rate","label":"learn_rate","help":"Learning rate (from 0.0 to 1.0)","required":false,"type":"double","default_value":0.1,"actual_value":0.05,"input_value":0.05,"level":"critical","values":[],"is_member_of_frames":[],"is_mutually_exclusive_with":[],"gridable":true},{"__meta":{"schema_version":3,"schema_name":"ModelParameterSchemaV3","schema_type":"Iced"},"name":"learn_rate_annealing","label":"learn_rate_annealing","help":"Scale the learning rate by this factor after each tree (e.g., 0.99 or 0.999) ","required":false,"type":"double","default_value":1.0,"actual_value":1.0,"input_value":1.0,"level":"secondary","values":[],"is_member_of_frames":[],"is_mutually_exclusive_with":[],"gridable":true},{"__meta":{"schema_version":3,"schema_name":"ModelParameterSchemaV3","schema_type":"Iced"},"name":"distribution","label":"distribution","help":"Distribution function","required":false,"type":"enum","default_value":"AUTO","actual_value":"gaussian","input_value":"AUTO","level":"secondary","values":["AUTO","bernoulli","quasibinomial","ordinal","multinomial","gaussian","poisson","gamma","tweedie","laplace","quantile","huber","custom"],"is_member_of_frames":[],"is_mutually_exclusive_with":[],"gridable":true},{"__meta":{"schema_version":3,"schema_name":"ModelParameterSchemaV3","schema_type":"Iced"},"name":"quantile_alpha","label":"quantile_alpha","help":"Desired quantile for Quantile regression, must be between 0 and 1.","required":false,"type":"double","default_value":0.5,"actual_value":0.5,"input_value":0.5,"level":"secondary","values":[],"is_member_of_frames":[],"is_mutually_exclusive_with":[],"gridable":true},{"__meta":{"schema_version":3,"schema_name":"ModelParameterSchemaV3","schema_type":"Iced"},"name":"tweedie_power","label":"tweedie_power","help":"Tweedie power for Tweedie regression, must be between 1 and 2.","required":false,"type":"double","default_value":1.5,"actual_value":1.5,"input_value":1.5,"level":"secondary","values":[],"is_member_of_frames":[],"is_mutually_exclusive_with":[],"gridable":true},{"__meta":{"schema_version":3,"schema_name":"ModelParameterSchemaV3","schema_type":"Iced"},"name":"huber_alpha","label":"huber_alpha","help":"Desired quantile for Huber/M-regression (threshold between quadratic and linear loss, must be between 0 and 1).","required":false,"type":"double","default_value":0.9,"actual_value":0.9,"input_value":0.9,"level":"secondary","values":[],"is_member_of_frames":[],"is_mutually_exclusive_with":[],"gridable":true},{"__meta":{"schema_version":3,"schema_name":"ModelParameterSchemaV3","schema_type":"Iced"},"name":"checkpoint","label":"checkpoint","help":"Model checkpoint to resume training with.","required":false,"type":"Key<Model>","default_value":null,"actual_value":null,"input_value":null,"level":"secondary","values":[],"is_member_of_frames":[],"is_mutually_exclusive_with":[],"gridable":false},{"__meta":{"schema_version":3,"schema_name":"ModelParameterSchemaV3","schema_type":"Iced"},"name":"sample_rate","label":"sample_rate","help":"Row sample rate per tree (from 0.0 to 1.0)","required":false,"type":"double","default_value":1.0,"actual_value":1.0,"input_value":1.0,"level":"critical","values":[],"is_member_of_frames":[],"is_mutually_exclusive_with":[],"gridable":true},{"__meta":{"schema_version":3,"schema_name":"ModelParameterSchemaV3","schema_type":"Iced"},"name":"sample_rate_per_class","label":"sample_rate_per_class","help":"A list of row sample rates per class (relative fraction for each class, from 0.0 to 1.0), for each tree","required":false,"type":"double[]","default_value":null,"actual_value":null,"input_value":null,"level":"expert","values":[],"is_member_of_frames":[],"is_mutually_exclusive_with":[],"gridable":true},{"__meta":{"schema_version":3,"schema_name":"ModelParameterSchemaV3","schema_type":"Iced"},"name":"col_sample_rate","label":"col_sample_rate","help":"Column sample rate (from 0.0 to 1.0)","required":false,"type":"double","default_value":1.0,"actual_value":1.0,"input_value":1.0,"level":"critical","values":[],"is_member_of_frames":[],"is_mutually_exclusive_with":[],"gridable":true},{"__meta":{"schema_version":3,"schema_name":"ModelParameterSchemaV3","schema_type":"Iced"},"name":"col_sample_rate_change_per_level","label":"col_sample_rate_change_per_level","help":"Relative change of the column sampling rate for every level (must be > 0.0 and <= 2.0)","required":false,"type":"double","default_value":1.0,"actual_value":1.0,"input_value":1.0,"level":"expert","values":[],"is_member_of_frames":[],"is_mutually_exclusive_with":[],"gridable":true},{"__meta":{"schema_version":3,"schema_name":"ModelParameterSchemaV3","schema_type":"Iced"},"name":"col_sample_rate_per_tree","label":"col_sample_rate_per_tree","help":"Column sample rate per tree (from 0.0 to 1.0)","required":false,"type":"double","default_value":1.0,"actual_value":1.0,"input_value":1.0,"level":"secondary","values":[],"is_member_of_frames":[],"is_mutually_exclusive_with":[],"gridable":true},{"__meta":{"schema_version":3,"schema_name":"ModelParameterSchemaV3","schema_type":"Iced"},"name":"min_split_improvement","label":"min_split_improvement","help":"Minimum relative improvement in squared error reduction for a split to happen","required":false,"type":"double","default_value":1.0E-5,"actual_value":1.0E-5,"input_value":1.0E-5,"level":"secondary","values":[],"is_member_of_frames":[],"is_mutually_exclusive_with":[],"gridable":true},{"__meta":{"schema_version":3,"schema_name":"ModelParameterSchemaV3","schema_type":"Iced"},"name":"histogram_type","label":"histogram_type","help":"What type of histogram to use for finding optimal split points","required":false,"type":"enum","default_value":"AUTO","actual_value":"UniformAdaptive","input_value":"AUTO","level":"secondary","values":["AUTO","UniformAdaptive","Random","QuantilesGlobal","RoundRobin"],"is_member_of_frames":[],"is_mutually_exclusive_with":[],"gridable":true},{"__meta":{"schema_version":3,"schema_name":"ModelParameterSchemaV3","schema_type":"Iced"},"name":"max_abs_leafnode_pred","label":"max_abs_leafnode_pred","help":"Maximum absolute value of a leaf node prediction","required":false,"type":"double","default_value":1.7976931348623157E308,"actual_value":1.7976931348623157E308,"input_value":1.7976931348623157E308,"level":"expert","values":[],"is_member_of_frames":[],"is_mutually_exclusive_with":[],"gridable":true},{"__meta":{"schema_version":3,"schema_name":"ModelParameterSchemaV3","schema_type":"Iced"},"name":"pred_noise_bandwidth","label":"pred_noise_bandwidth","help":"Bandwidth (sigma) of Gaussian multiplicative noise ~N(1,sigma) for tree node predictions","required":false,"type":"double","default_value":0.0,"actual_value":0.0,"input_value":0.0,"level":"expert","values":[],"is_member_of_frames":[],"is_mutually_exclusive_with":[],"gridable":true},{"__meta":{"schema_version":3,"schema_name":"ModelParameterSchemaV3","schema_type":"Iced"},"name":"categorical_encoding","label":"categorical_encoding","help":"Encoding scheme for categorical features","required":false,"type":"enum","default_value":"AUTO","actual_value":"Enum","input_value":"AUTO","level":"secondary","values":["AUTO","Enum","OneHotInternal","OneHotExplicit","Binary","Eigen","LabelEncoder","SortByResponse","EnumLimited"],"is_member_of_frames":[],"is_mutually_exclusive_with":[],"gridable":true},{"__meta":{"schema_version":3,"schema_name":"ModelParameterSchemaV3","schema_type":"Iced"},"name":"calibrate_model","label":"calibrate_model","help":"Use Platt Scaling to calculate calibrated class probabilities. Calibration can provide more accurate estimates of class probabilities.","required":false,"type":"boolean","default_value":false,"actual_value":false,"input_value":false,"level":"expert","values":[],"is_member_of_frames":[],"is_mutually_exclusive_with":[],"gridable":false},{"__meta":{"schema_version":3,"schema_name":"ModelParameterSchemaV3","schema_type":"Iced"},"name":"calibration_frame","label":"calibration_frame","help":"Calibration frame for Platt Scaling","required":false,"type":"Key<Frame>","default_value":null,"actual_value":null,"input_value":null,"level":"expert","values":[],"is_member_of_frames":[],"is_mutually_exclusive_with":[],"gridable":false},{"__meta":{"schema_version":3,"schema_name":"ModelParameterSchemaV3","schema_type":"Iced"},"name":"custom_metric_func","label":"custom_metric_func","help":"Reference to custom evaluation function, format: `language:keyName=funcName`","required":false,"type":"string","default_value":null,"actual_value":null,"input_value":null,"level":"secondary","values":[],"is_member_of_frames":[],"is_mutually_exclusive_with":[],"gridable":false},{"__meta":{"schema_version":3,"schema_name":"ModelParameterSchemaV3","schema_type":"Iced"},"name":"custom_distribution_func","label":"custom_distribution_func","help":"Reference to custom distribution, format: `language:keyName=funcName`","required":false,"type":"string","default_value":null,"actual_value":null,"input_value":null,"level":"secondary","values":[],"is_member_of_frames":[],"is_mutually_exclusive_with":[],"gridable":false},{"__meta":{"schema_version":3,"schema_name":"ModelParameterSchemaV3","schema_type":"Iced"},"name":"export_checkpoints_dir","label":"export_checkpoints_dir","help":"Automatically export generated models to this directory.","required":false,"type":"string","default_value":null,"actual_value":null,"input_value":null,"level":"secondary","values":[],"is_member_of_frames":[],"is_mutually_exclusive_with":[],"gridable":false},{"__meta":{"schema_version":3,"schema_name":"ModelParameterSchemaV3","schema_type":"Iced"},"name":"monotone_constraints","label":"monotone_constraints","help":"A mapping representing monotonic constraints. Use +1 to enforce an increasing constraint and -1 to specify a decreasing constraint.","required":false,"type":"KeyValue[]","default_value":null,"actual_value":null,"input_value":null,"level":"secondary","values":[],"is_member_of_frames":[],"is_mutually_exclusive_with":[],"gridable":false},{"__meta":{"schema_version":3,"schema_name":"ModelParameterSchemaV3","schema_type":"Iced"},"name":"check_constant_response","label":"check_constant_response","help":"Check if response column is constant. If enabled, then an exception is thrown if the response column is a constant value.If disabled, then model will train regardless of the response column being a constant value or not.","required":false,"type":"boolean","default_value":true,"actual_value":true,"input_value":true,"level":"expert","values":[],"is_member_of_frames":[],"is_mutually_exclusive_with":[],"gridable":false},{"__meta":{"schema_version":3,"schema_name":"ModelParameterSchemaV3","schema_type":"Iced"},"name":"gainslift_bins","label":"gainslift_bins","help":"Gains/Lift table number of bins. 0 means disabled.. Default value -1 means automatic binning.","required":false,"type":"int","default_value":-1,"actual_value":-1,"input_value":-1,"level":"secondary","values":[],"is_member_of_frames":[],"is_mutually_exclusive_with":[],"gridable":false},{"__meta":{"schema_version":3,"schema_name":"ModelParameterSchemaV3","schema_type":"Iced"},"name":"auc_type","label":"auc_type","help":"Set default multinomial AUC type.","required":false,"type":"enum","default_value":"AUTO","actual_value":"AUTO","input_value":"AUTO","level":"secondary","values":["AUTO","NONE","MACRO_OVR","WEIGHTED_OVR","MACRO_OVO","WEIGHTED_OVO"],"is_member_of_frames":[],"is_mutually_exclusive_with":[],"gridable":true}],"output":{"__meta":{"schema_version":3,"schema_name":"GBMModelOutputV3","schema_type":"GBMOutput"},"names":["heatingtimes","avghumidity","avgtmax","avgtmin","ccfs","daysused","meterreading","currentcharges","naturalgascost","tempdiff","avgtemp"],"original_names":null,"column_types":["Numeric","Numeric","Numeric","Numeric","Numeric","Numeric","Numeric","Numeric","Numeric","Numeric","Numeric"],"domains":[null,null,null,null,null,null,null,null,null,null,null],"cross_validation_models":null,"cross_validation_predictions":null,"cross_validation_holdout_predictions_frame_id":null,"cross_validation_fold_assignment_frame_id":null,"model_category":"Regression","model_summary":{"__meta":{"schema_version":3,"schema_name":"TwoDimTableV3","schema_type":"TwoDimTable"},"name":"Model Summary","description":"","columns":[{"__meta":{"schema_version":-1,"schema_name":"ColumnSpecsBase","schema_type":"Iced"},"name":"","type":"string","format":"%s","description":""},{"__meta":{"schema_version":-1,"schema_name":"ColumnSpecsBase","schema_type":"Iced"},"name":"number_of_trees","type":"long","format":"%d","description":"Number of Trees"},{"__meta":{"schema_version":-1,"schema_name":"ColumnSpecsBase","schema_type":"Iced"},"name":"number_of_internal_trees","type":"long","format":"%d","description":"Number of Internal Trees"},{"__meta":{"schema_version":-1,"schema_name":"ColumnSpecsBase","schema_type":"Iced"},"name":"model_size_in_bytes","type":"long","format":"%d","description":"Model Size in Bytes"},{"__meta":{"schema_version":-1,"schema_name":"ColumnSpecsBase","schema_type":"Iced"},"name":"min_depth","type":"long","format":"%d","description":"Min. Depth"},{"__meta":{"schema_version":-1,"schema_name":"ColumnSpecsBase","schema_type":"Iced"},"name":"max_depth","type":"long","format":"%d","description":"Max. Depth"},{"__meta":{"schema_version":-1,"schema_name":"ColumnSpecsBase","schema_type":"Iced"},"name":"mean_depth","type":"double","format":"%.5f","description":"Mean Depth"},{"__meta":{"schema_version":-1,"schema_name":"ColumnSpecsBase","schema_type":"Iced"},"name":"min_leaves","type":"long","format":"%d","description":"Min. Leaves"},{"__meta":{"schema_version":-1,"schema_name":"ColumnSpecsBase","schema_type":"Iced"},"name":"max_leaves","type":"long","format":"%d","description":"Max. Leaves"},{"__meta":{"schema_version":-1,"schema_name":"ColumnSpecsBase","schema_type":"Iced"},"name":"mean_leaves","type":"double","format":"%.5f","description":"Mean Leaves"}],"rowcount":1,"data":[[""],[100],[100],[28178],[5],[5],[5.0],[7],[27],[17.73]]},"scoring_history":{"__meta":{"schema_version":3,"schema_name":"TwoDimTableV3","schema_type":"TwoDimTable"},"name":"Scoring History","description":"","columns":[{"__meta":{"schema_version":-1,"schema_name":"ColumnSpecsBase","schema_type":"Iced"},"name":"","type":"string","format":"%s","description":""},{"__meta":{"schema_version":-1,"schema_name":"ColumnSpecsBase","schema_type":"Iced"},"name":"timestamp","type":"string","format":"%s","description":"Timestamp"},{"__meta":{"schema_version":-1,"schema_name":"ColumnSpecsBase","schema_type":"Iced"},"name":"duration","type":"string","format":"%s","description":"Duration"},{"__meta":{"schema_version":-1,"schema_name":"ColumnSpecsBase","schema_type":"Iced"},"name":"number_of_trees","type":"long","format":"%d","description":"Number of Trees"},{"__meta":{"schema_version":-1,"schema_name":"ColumnSpecsBase","schema_type":"Iced"},"name":"training_rmse","type":"double","format":"%.5f","description":"Training RMSE"},{"__meta":{"schema_version":-1,"schema_name":"ColumnSpecsBase","schema_type":"Iced"},"name":"training_mae","type":"double","format":"%.5f","description":"Training MAE"},{"__meta":{"schema_version":-1,"schema_name":"ColumnSpecsBase","schema_type":"Iced"},"name":"training_deviance","type":"double","format":"%.5f","description":"Training Deviance"},{"__meta":{"schema_version":-1,"schema_name":"ColumnSpecsBase","schema_type":"Iced"},"name":"validation_rmse","type":"double","format":"%.5f","description":"Validation RMSE"},{"__meta":{"schema_version":-1,"schema_name":"ColumnSpecsBase","schema_type":"Iced"},"name":"validation_mae","type":"double","format":"%.5f","description":"Validation MAE"},{"__meta":{"schema_version":-1,"schema_name":"ColumnSpecsBase","schema_type":"Iced"},"name":"validation_deviance","type":"double","format":"%.5f","description":"Validation Deviance"}],"rowcount":101,"data":[["","","","","","","","","","","","","","","","","","","","","","","","","","","","","","","","","","","","","","","","","","","","","","","","","","","","","","","","","","","","","","","","","","","","","","","","","","","","","","","","","","","","","","","","","","","","","","","","","","","","",""],["2021-12-15 21:00:37","2021-12-15 21:00:37","2021-12-15 21:00:37","2021-12-15 21:00:37","2021-12-15 21:00:37","2021-12-15 21:00:37","2021-12-15 21:00:37","2021-12-15 21:00:37","2021-12-15 21:00:37","2021-12-15 21:00:37","2021-12-15 21:00:37","2021-12-15 21:00:37","2021-12-15 21:00:37","2021-12-15 21:00:37","2021-12-15 21:00:37","2021-12-15 21:00:37","2021-12-15 21:00:37","2021-12-15 21:00:38","2021-12-15 21:00:38","2021-12-15 21:00:38","2021-12-15 21:00:38","2021-12-15 21:00:38","2021-12-15 21:00:38","2021-12-15 21:00:38","2021-12-15 21:00:38","2021-12-15 21:00:38","2021-12-15 21:00:38","2021-12-15 21:00:38","2021-12-15 21:00:38","2021-12-15 21:00:38","2021-12-15 21:00:38","2021-12-15 21:00:38","2021-12-15 21:00:38","2021-12-15 21:00:38","2021-12-15 21:00:38","2021-12-15 21:00:38","2021-12-15 21:00:38","2021-12-15 21:00:38","2021-12-15 21:00:38","2021-12-15 21:00:38","2021-12-15 21:00:38","2021-12-15 21:00:38","2021-12-15 21:00:38","2021-12-15 21:00:38","2021-12-15 21:00:38","2021-12-15 21:00:38","2021-12-15 21:00:38","2021-12-15 21:00:38","2021-12-15 21:00:38","2021-12-15 21:00:38","2021-12-15 21:00:38","2021-12-15 21:00:38","2021-12-15 21:00:38","2021-12-15 21:00:38","2021-12-15 21:00:38","2021-12-15 21:00:38","2021-12-15 21:00:38","2021-12-15 21:00:38","2021-12-15 21:00:38","2021-12-15 21:00:38","2021-12-15 21:00:38","2021-12-15 21:00:38","2021-12-15 21:00:38","2021-12-15 21:00:38","2021-12-15 21:00:38","2021-12-15 21:00:38","2021-12-15 21:00:38","2021-12-15 21:00:38","2021-12-15 21:00:38","2021-12-15 21:00:38","2021-12-15 21:00:38","2021-12-15 21:00:38","2021-12-15 21:00:38","2021-12-15 21:00:38","2021-12-15 21:00:38","2021-12-15 21:00:38","2021-12-15 21:00:38","2021-12-15 21:00:38","2021-12-15 21:00:38","2021-12-15 21:00:38","2021-12-15 21:00:38","2021-12-15 21:00:38","2021-12-15 21:00:38","2021-12-15 21:00:38","2021-12-15 21:00:38","2021-12-15 21:00:38","2021-12-15 21:00:39","2021-12-15 21:00:39","2021-12-15 21:00:39","2021-12-15 21:00:39","2021-12-15 21:00:39","2021-12-15 21:00:39","2021-12-15 21:00:39","2021-12-15 21:00:39","2021-12-15 21:00:39","2021-12-15 21:00:39","2021-12-15 21:00:39","2021-12-15 21:00:39","2021-12-15 21:00:39","2021-12-15 21:00:39","2021-12-15 21:00:39"],[" 0.007 sec"," 0.073 sec"," 0.081 sec"," 0.089 sec"," 0.097 sec"," 0.107 sec"," 0.116 sec"," 0.127 sec"," 0.138 sec"," 0.149 sec"," 0.160 sec"," 0.170 sec"," 0.181 sec"," 0.192 sec"," 0.203 sec"," 0.214 sec"," 0.224 sec"," 0.235 sec"," 0.245 sec"," 0.267 sec"," 0.278 sec"," 0.289 sec"," 0.300 sec"," 0.320 sec"," 0.333 sec"," 0.344 sec"," 0.355 sec"," 0.366 sec"," 0.378 sec"," 0.390 sec"," 0.402 sec"," 0.416 sec"," 0.427 sec"," 0.439 sec"," 0.451 sec"," 0.464 sec"," 0.476 sec"," 0.488 sec"," 0.501 sec"," 0.530 sec"," 0.542 sec"," 0.553 sec"," 0.567 sec"," 0.580 sec"," 0.594 sec"," 0.608 sec"," 0.623 sec"," 0.638 sec"," 0.651 sec"," 0.665 sec"," 0.678 sec"," 0.686 sec"," 0.694 sec"," 0.704 sec"," 0.714 sec"," 0.725 sec"," 0.734 sec"," 0.744 sec"," 0.872 sec"," 0.884 sec"," 0.914 sec"," 0.982 sec"," 1.044 sec"," 1.072 sec"," 1.082 sec"," 1.093 sec"," 1.101 sec"," 1.110 sec"," 1.118 sec"," 1.154 sec"," 1.159 sec"," 1.163 sec"," 1.168 sec"," 1.172 sec"," 1.177 sec"," 1.181 sec"," 1.186 sec"," 1.191 sec"," 1.196 sec"," 1.200 sec"," 1.204 sec"," 1.208 sec"," 1.212 sec"," 1.217 sec"," 1.221 sec"," 1.226 sec"," 1.231 sec"," 1.235 sec"," 1.239 sec"," 1.243 sec"," 1.250 sec"," 1.254 sec"," 1.258 sec"," 1.262 sec"," 1.266 sec"," 1.270 sec"," 1.274 sec"," 1.279 sec"," 1.284 sec"," 1.287 sec"," 1.292 sec"],[0,1,2,3,4,5,6,7,8,9,10,11,12,13,14,15,16,17,18,19,20,21,22,23,24,25,26,27,28,29,30,31,32,33,34,35,36,37,38,39,40,41,42,43,44,45,46,47,48,49,50,51,52,53,54,55,56,57,58,59,60,61,62,63,64,65,66,67,68,69,70,71,72,73,74,75,76,77,78,79,80,81,82,83,84,85,86,87,88,89,90,91,92,93,94,95,96,97,98,99,100],[2.8113305588760795,2.6868866855477394,2.569407847491714,2.45850400806214,2.3553504537587244,2.2586780870580756,2.165083441107614,2.078569773257001,1.9948871023855788,1.9183670582876482,1.8440193409706036,1.7730947763938902,1.706718624347047,1.644184914969055,1.5862487836237666,1.5314093558112487,1.4800567906887319,1.4318598849243418,1.3859382243082425,1.344419150750654,1.3048885479887897,1.2681596012135603,1.23349094454587,1.1997664429874013,1.1685091905262086,1.139845125740774,1.1140927258493831,1.0888023209526945,1.0661205280177444,1.0433297543668798,1.022768619407884,1.0040907634522849,0.9865120004827755,0.9707307692615631,0.955591724089218,0.9409464083598598,0.9279707156642716,0.9143695199136099,0.9017144968616448,0.8904760152957177,0.8799445240278962,0.8707136433050175,0.8624559539949609,0.8530570952670481,0.8452628479427639,0.8383765410000207,0.831280709290401,0.8238819274280238,0.816823400955701,0.8104454797996947,0.8045255019893661,0.7988847758349563,0.7929013694380724,0.7868916765740891,0.781964535108534,0.7765783465856749,0.77048742166448,0.7655179644218245,0.7613122330457154,0.7573352541192451,0.752276065932298,0.748936199447068,0.7440925686318036,0.7401169163713771,0.7366940637655652,0.7330830292948302,0.7296267621735075,0.7259208141649429,0.7227417386534875,0.7193890297513813,0.7167726850409533,0.713072061842995,0.7099470093256375,0.707131315037665,0.704466145505676,0.7019975201200387,0.6987177416013061,0.695724799592604,0.6932515441944539,0.6909319449778784,0.6892662992289145,0.6872969631941842,0.68529510859549,0.6838763708989328,0.6800361226502888,0.6787476955173175,0.6755137327580356,0.674002301858104,0.6722025203368578,0.6704858198058203,0.6689093384999965,0.6672887970449172,0.6659005730787595,0.6634093360667498,0.6620704982204784,0.6608010680882933,0.6576376844052533,0.6567897384154056,0.6560570026175888,0.6548918273104408,0.6538917965684335],[2.3698912833453356,2.2593694782752927,2.1546753961044125,2.055983492158728,1.9634459708757583,1.8773281156913453,1.7947205092299543,1.7166049897774047,1.6425441431214118,1.573555111678469,1.508131916436207,1.4449979626739873,1.3855746978283754,1.3304370503285108,1.2791357056933423,1.2306824127144376,1.1861101808333108,1.143999902999587,1.1049689122667758,1.0690016853953979,1.036551159837217,1.0057786647327231,0.9754213964505254,0.9479622402885345,0.922799783108346,0.8979796305479582,0.8751279675567997,0.8529342572032063,0.8322321926493785,0.8121087323854866,0.7937318216783336,0.776516218532516,0.7608490386910001,0.7462201044092559,0.7321990755236542,0.7188644938080522,0.7067689284088293,0.6946297948034013,0.6831531756052318,0.673315553979196,0.6639478871892602,0.6556455853493622,0.6482959529142859,0.6397233430806231,0.6326043775217992,0.6261943903085058,0.6199023876487693,0.6137859007308141,0.6082209912701744,0.6028664124487177,0.5980714768222961,0.5934404211193065,0.5883623648764149,0.5829245635087197,0.578512737201446,0.5735106311183249,0.5687421273110851,0.5643851215752613,0.5607438641156439,0.5569785926329615,0.5532928017231166,0.5508149145380876,0.5466026425155032,0.5440186842682043,0.5407683506375582,0.5388903956685983,0.5366927465904937,0.5334901594826419,0.5308379333601874,0.5284626264919234,0.5262193068267981,0.5238367540171076,0.5212240235644362,0.5192513953461804,0.5168606445735621,0.5153410463647164,0.5125996872292028,0.510561752980462,0.5084049218242255,0.5061950948044167,0.505057905121114,0.5036032559346905,0.5020692980682003,0.5010532266758964,0.49813612701574683,0.49696857842456943,0.49482750851318785,0.493671119729609,0.4920510700298554,0.49103171945238033,0.48956228748764485,0.4879745932964146,0.48686600392571355,0.4853042787654354,0.48414183406730665,0.48323683185015437,0.4812238484982601,0.4803998077762809,0.4800876108364588,0.47918804307537644,0.47860309197543194],[7.90357951127049,7.219360060973716,6.601856686752003,6.044241957657606,5.54767576002143,5.101626700956327,4.687586306958387,4.320452302297661,3.979574551264331,3.680132170323205,3.400407329873659,3.1438650860752992,2.912888462693076,2.7033440346117987,2.516185203547879,2.3452146150662236,2.1905681036638285,2.050222730055549,1.9208247615986842,1.8074628529051098,1.7027341226722918,1.6082287741501362,1.5214999102766624,1.4394395177186414,1.3654137283442154,1.299246910675001,1.241202601790509,1.1854904941119742,1.136612980260834,1.0885369763472537,1.046055648845509,1.0081982612501923,0.9732059270965276,0.9423182263911462,0.9131555431478042,0.88538014340532,0.8611296491304604,0.8360716189470455,0.8130890338504493,0.7929475338169393,0.774302365366681,0.7581422486374974,0.743830272581358,0.7277064077854536,0.7144692821123119,0.7028752244991594,0.6910276176383521,0.6787814303425155,0.667200468348838,0.6568218757277573,0.6472612833512416,0.6382168850608685,0.6286925816567707,0.6191985106615808,0.6114685341675057,0.6030739283857406,0.5936508669431783,0.5860177538525337,0.5795963161850536,0.5735566871318615,0.5659192793745752,0.5609054308422184,0.5536737506930753,0.5477730498990759,0.5427181435874228,0.5374107278400848,0.5323552120797961,0.5269610284378936,0.522355620791866,0.5175205761266338,0.5137630820208176,0.5084717653810201,0.5040247560504169,0.5000346967068975,0.4962725501636243,0.49280051825468413,0.4882064824284295,0.48403299676816897,0.4805977035279949,0.47738695259091396,0.4750880312527235,0.4723771156159478,0.46962938586490444,0.4676868906738947,0.46244912810923866,0.4606984341700692,0.45631880314469475,0.4542791029100227,0.4518562283472237,0.4495512345606829,0.44743970313250286,0.44527433866165267,0.44342357322662035,0.4401119471805257,0.43833734461391244,0.43665805158662924,0.4324873239499036,0.43137276048777684,0.4304107906835749,0.4288833054780082,0.42757448161949374],[2.894935392974796,2.769204694854738,2.650699401164121,2.5392221029231434,2.429997940036333,2.331211875438715,2.2399971993473513,2.147168038951904,2.06308684570218,1.9838259348553329,1.9121323341377614,1.842963294960456,1.7779212682290098,1.7186808546006607,1.6632576352887358,1.6110066085849706,1.5640904116655527,1.519160963165501,1.4764586659015624,1.4348540391460576,1.399958748571426,1.3669753184126512,1.334749672671564,1.303077913971767,1.2739516514762121,1.2476858069322505,1.2262849102706843,1.2052657312436827,1.1864608004541255,1.1667118478221827,1.15083528203523,1.1342801947317531,1.1210489062440379,1.1066479798134934,1.093647450117125,1.0820655533991117,1.0711370059555503,1.0604595974585145,1.0505527237519068,1.0425494024190967,1.0358649094206402,1.03037002133538,1.024971518109522,1.0203119951282025,1.0159658615760792,1.0115471499028401,1.0097800508414232,1.0057365588412586,1.0014050889355923,0.9975360699246586,0.9945920981600346,0.9913096169944509,0.9890045669744295,0.9856511532663396,0.9833267741971565,0.9810310379528377,0.9785173330697855,0.9760650660285131,0.9737921392352163,0.972215372990138,0.9702675162318031,0.9677623842289731,0.9662883821357714,0.9641306472200278,0.9631489107402066,0.9616518312090218,0.9600988067613775,0.9593401939774289,0.9593644220569361,0.9579022528298564,0.957224439933105,0.9558524758013414,0.9554876204023572,0.954715613499424,0.9547263596600062,0.9535200481297995,0.9532526273444146,0.9527134680014306,0.9520431435030193,0.9517519339204227,0.9516462097487963,0.9502545762676835,0.9497769377122728,0.9492862914457996,0.9490680298232559,0.9488464414686578,0.9471366147884532,0.9464764426981012,0.947174269246031,0.9459595551905072,0.9467665223710592,0.9468556705567185,0.9469649791221888,0.9465146018196425,0.9472725612217245,0.9474427536907677,0.947480316814717,0.9474155020168049,0.9476474785173796,0.94778031067149,0.9471443927616321],[2.4676196896534415,2.3525177016163377,2.2431708795252345,2.139684126311025,2.0406102849269243,1.9498674184368823,1.8683004715427023,1.7873132959002664,1.7143535442793043,1.645731386685726,1.5830524944077513,1.5228361626877405,1.4659536633964039,1.4143220678521626,1.3649937519037718,1.3170101045792175,1.276789450919188,1.2360235864266842,1.1982195934068114,1.1614406724842044,1.129496925801759,1.0997432789162813,1.071016374543884,1.0411224554236156,1.015327336142983,0.9921018856777374,0.9722909863127983,0.9529080932601302,0.9349969134972398,0.9160687899887381,0.9008633251398437,0.883568153146164,0.8702359485775838,0.8567529939238487,0.843914052803338,0.8331299211908142,0.8223416284136855,0.8124954054802045,0.80368779074266,0.79591833863558,0.7898732755932836,0.783599998344858,0.7777107596125683,0.772503483909701,0.7667787456823139,0.7616740278509898,0.7578605994162179,0.7536712642781999,0.7494670753150058,0.7450683749801018,0.7419945106552711,0.7389673233276094,0.7360907708761549,0.7331709578057349,0.7291131845332792,0.726327240187026,0.7226246658758607,0.7201050090718377,0.7173994435361514,0.7154747883334406,0.7122484150836454,0.7098110644483205,0.7066585444190397,0.7040954268385563,0.7017355611445119,0.6996184818917902,0.6977049691742644,0.6952657498155987,0.6941204287038661,0.6919366765038377,0.6901610493397603,0.688025021684537,0.6870931871489491,0.6854546929672587,0.6842111044072047,0.6823814613038003,0.6814693260601672,0.6808640408682882,0.6787889057697688,0.6789029048319489,0.6786298914833087,0.6772007944278052,0.6760860179486085,0.6750399450739335,0.6745023472004034,0.6738635626457895,0.6728827709007953,0.6724252363237618,0.672258574387668,0.6712012344064217,0.6709930552285741,0.6706026782267405,0.6704017950895415,0.6709105775942057,0.6712577505904366,0.6712208952114892,0.6712625195673578,0.6713754718785072,0.6716975893749739,0.6714290400593032,0.6708245613124308],[8.380650929498138,7.668494642005522,7.02620731533183,6.44764888797343,5.9048899885808215,5.434548808186491,5.017587453083978,4.610330587496566,4.256327332909371,3.9355653398046355,3.6562500632551234,3.396513706571501,3.1610040360210503,2.9538638799708576,2.7664259613462776,2.5953422929044483,2.446378815864118,2.3078500320059327,2.179930192115821,2.0588061136537563,1.9598844977016734,1.8686215211493689,1.781556688696847,1.6980120498810118,1.622952810298968,1.5567198728201812,1.5037746811575805,1.4526654829103693,1.4076892310142444,1.3612165358486519,1.324421846377107,1.2865915601607039,1.2567506501909538,1.2246697512252862,1.1960647451476893,1.1708658618529257,1.1473344855274203,1.1245745578418744,1.1036610253825503,1.0869092564844156,1.0730161105690312,1.0616623808666712,1.050566612935738,1.041036567402493,1.0321866318880248,1.0232276364765587,1.019655751077307,1.0115060257898563,1.0028121521461018,0.9950782108007334,0.9892134417223798,0.982694756745685,0.9781300334962788,0.9715081959352652,0.9669315448529857,0.9624218974268222,0.9574961711180054,0.9527030131212455,0.9482711304362991,0.9452027314783532,0.9414190530546322,0.9365640323285466,0.9337132374505667,0.9295479049089098,0.9276558242600464,0.9247742444676649,0.9217897187446208,0.9203336077806508,0.9203800943086389,0.9175767259765141,0.9162786284052465,0.9136539554955538,0.9129565927421591,0.9114819026595816,0.9115024218296476,0.9092004821854552,0.9086905715390294,0.9076629521113131,0.9063861470911106,0.9058317437212645,0.90563050852925,0.9029837597176746,0.9020762314101025,0.9011444631269194,0.9007301252325964,0.900309569487735,0.8970677670729308,0.895817656582452,0.8971390963217528,0.8948394800562224,0.8963668478825892,0.8965356608654129,0.8967426716838874,0.8958898914577965,0.8973253052435659,0.8976477715211447,0.8977189507513165,0.8975961334617544,0.8980357435403475,0.8982875172965462,0.8970825007398009]]},"cv_scoring_history":null,"reproducibility_information_table":[{"__meta":{"schema_version":3,"schema_name":"TwoDimTableV3","schema_type":"TwoDimTable"},"name":"Node Information","description":"","columns":[{"__meta":{"schema_version":-1,"schema_name":"ColumnSpecsBase","schema_type":"Iced"},"name":"","type":"string","format":"%s","description":""},{"__meta":{"schema_version":-1,"schema_name":"ColumnSpecsBase","schema_type":"Iced"},"name":"node","type":"int","format":"%d","description":"node"},{"__meta":{"schema_version":-1,"schema_name":"ColumnSpecsBase","schema_type":"Iced"},"name":"h2o","type":"string","format":"%s","description":"h2o"},{"__meta":{"schema_version":-1,"schema_name":"ColumnSpecsBase","schema_type":"Iced"},"name":"healthy","type":"string","format":"%s","description":"healthy"},{"__meta":{"schema_version":-1,"schema_name":"ColumnSpecsBase","schema_type":"Iced"},"name":"last_ping","type":"string","format":"%s","description":"last_ping"},{"__meta":{"schema_version":-1,"schema_name":"ColumnSpecsBase","schema_type":"Iced"},"name":"num_cpus","type":"int","format":"%d","description":"num_cpus"},{"__meta":{"schema_version":-1,"schema_name":"ColumnSpecsBase","schema_type":"Iced"},"name":"sys_load","type":"double","format":"%.5f","description":"sys_load"},{"__meta":{"schema_version":-1,"schema_name":"ColumnSpecsBase","schema_type":"Iced"},"name":"mem_value_size","type":"long","format":"%d","description":"mem_value_size"},{"__meta":{"schema_version":-1,"schema_name":"ColumnSpecsBase","schema_type":"Iced"},"name":"free_mem","type":"long","format":"%d","description":"free_mem"},{"__meta":{"schema_version":-1,"schema_name":"ColumnSpecsBase","schema_type":"Iced"},"name":"pojo_mem","type":"long","format":"%d","description":"pojo_mem"},{"__meta":{"schema_version":-1,"schema_name":"ColumnSpecsBase","schema_type":"Iced"},"name":"swap_mem","type":"long","format":"%d","description":"swap_mem"},{"__meta":{"schema_version":-1,"schema_name":"ColumnSpecsBase","schema_type":"Iced"},"name":"free_disc","type":"long","format":"%d","description":"free_disc"},{"__meta":{"schema_version":-1,"schema_name":"ColumnSpecsBase","schema_type":"Iced"},"name":"max_disc","type":"long","format":"%d","description":"max_disc"},{"__meta":{"schema_version":-1,"schema_name":"ColumnSpecsBase","schema_type":"Iced"},"name":"pid","type":"int","format":"%d","description":"pid"},{"__meta":{"schema_version":-1,"schema_name":"ColumnSpecsBase","schema_type":"Iced"},"name":"num_keys","type":"int","format":"%d","description":"num_keys"},{"__meta":{"schema_version":-1,"schema_name":"ColumnSpecsBase","schema_type":"Iced"},"name":"tcps_active","type":"string","format":"%s","description":"tcps_active"},{"__meta":{"schema_version":-1,"schema_name":"ColumnSpecsBase","schema_type":"Iced"},"name":"open_fds","type":"int","format":"%d","description":"open_fds"},{"__meta":{"schema_version":-1,"schema_name":"ColumnSpecsBase","schema_type":"Iced"},"name":"rpcs_active","type":"string","format":"%s","description":"rpcs_active"},{"__meta":{"schema_version":-1,"schema_name":"ColumnSpecsBase","schema_type":"Iced"},"name":"nthreads","type":"int","format":"%d","description":"nthreads"},{"__meta":{"schema_version":-1,"schema_name":"ColumnSpecsBase","schema_type":"Iced"},"name":"is_leader","type":"string","format":"%s","description":"is_leader"},{"__meta":{"schema_version":-1,"schema_name":"ColumnSpecsBase","schema_type":"Iced"},"name":"total_mem","type":"long","format":"%d","description":"total_mem"},{"__meta":{"schema_version":-1,"schema_name":"ColumnSpecsBase","schema_type":"Iced"},"name":"max_mem","type":"long","format":"%d","description":"max_mem"},{"__meta":{"schema_version":-1,"schema_name":"ColumnSpecsBase","schema_type":"Iced"},"name":"java_version","type":"string","format":"%s","description":"java_version"},{"__meta":{"schema_version":-1,"schema_name":"ColumnSpecsBase","schema_type":"Iced"},"name":"jvm_launch_parameters","type":"string","format":"%s","description":"jvm_launch_parameters"},{"__meta":{"schema_version":-1,"schema_name":"ColumnSpecsBase","schema_type":"Iced"},"name":"os_version","type":"string","format":"%s","description":"os_version"},{"__meta":{"schema_version":-1,"schema_name":"ColumnSpecsBase","schema_type":"Iced"},"name":"machine_physical_mem","type":"long","format":"%d","description":"machine_physical_mem"},{"__meta":{"schema_version":-1,"schema_name":"ColumnSpecsBase","schema_type":"Iced"},"name":"machine_locale","type":"string","format":"%s","description":"machine_locale"}],"rowcount":1,"data":[[""],[0],["127.0.0.1:54321"],["true"],["1639623637735"],[8],[0.07598666],[1494676004],[321554112],[834570012],[0],[1305500188672],[1972317978624],[3188],[437969],["\u0000"],[-1],["\u0000"],[8],["true"],[2628780032],[2650800128],["Java 11.0.7 (from AdoptOpenJDK)"],["[-ea]"],["Windows 10 10.0 (amd64)"],[10600030208],["en_US"]]},{"__meta":{"schema_version":3,"schema_name":"TwoDimTableV3","schema_type":"TwoDimTable"},"name":"Cluster Configuration","description":"","columns":[{"__meta":{"schema_version":-1,"schema_name":"ColumnSpecsBase","schema_type":"Iced"},"name":"","type":"string","format":"%s","description":""},{"__meta":{"schema_version":-1,"schema_name":"ColumnSpecsBase","schema_type":"Iced"},"name":"h2o_cluster_uptime","type":"long","format":"%d","description":"H2O cluster uptime"},{"__meta":{"schema_version":-1,"schema_name":"ColumnSpecsBase","schema_type":"Iced"},"name":"h2o_cluster_timezone","type":"string","format":"%s","description":"H2O cluster timezone"},{"__meta":{"schema_version":-1,"schema_name":"ColumnSpecsBase","schema_type":"Iced"},"name":"h2o_data_parsing_timezone","type":"string","format":"%s","description":"H2O data parsing timezone"},{"__meta":{"schema_version":-1,"schema_name":"ColumnSpecsBase","schema_type":"Iced"},"name":"h2o_cluster_version","type":"string","format":"%s","description":"H2O cluster version"},{"__meta":{"schema_version":-1,"schema_name":"ColumnSpecsBase","schema_type":"Iced"},"name":"h2o_cluster_version_age","type":"string","format":"%s","description":"H2O cluster version age"},{"__meta":{"schema_version":-1,"schema_name":"ColumnSpecsBase","schema_type":"Iced"},"name":"h2o_cluster_name","type":"string","format":"%s","description":"H2O cluster name"},{"__meta":{"schema_version":-1,"schema_name":"ColumnSpecsBase","schema_type":"Iced"},"name":"h2o_cluster_total_nodes","type":"int","format":"%d","description":"H2O cluster total nodes"},{"__meta":{"schema_version":-1,"schema_name":"ColumnSpecsBase","schema_type":"Iced"},"name":"h2o_cluster_free_memory","type":"long","format":"%d","description":"H2O cluster free memory"},{"__meta":{"schema_version":-1,"schema_name":"ColumnSpecsBase","schema_type":"Iced"},"name":"h2o_cluster_total_cores","type":"int","format":"%d","description":"H2O cluster total cores"},{"__meta":{"schema_version":-1,"schema_name":"ColumnSpecsBase","schema_type":"Iced"},"name":"h2o_cluster_allowed_cores","type":"int","format":"%d","description":"H2O cluster allowed cores"},{"__meta":{"schema_version":-1,"schema_name":"ColumnSpecsBase","schema_type":"Iced"},"name":"h2o_cluster_status","type":"string","format":"%s","description":"H2O cluster status"},{"__meta":{"schema_version":-1,"schema_name":"ColumnSpecsBase","schema_type":"Iced"},"name":"h2o_internal_security","type":"string","format":"%s","description":"H2O internal security"},{"__meta":{"schema_version":-1,"schema_name":"ColumnSpecsBase","schema_type":"Iced"},"name":"h2o_api_extensions","type":"string","format":"%s","description":"H2O API Extensions"}],"rowcount":1,"data":[[""],[21090162],["America/Chicago"],["UTC"],["3.34.0.3"],["2 months and 8 days"],["H2O_started_from_R_rharidas_pys182"],[1],[321554112],[8],[8],["locked, healthly"],["false"],["Amazon S3, Algos, AutoML, Core V3, TargetEncoder, Core V4"]]},{"__meta":{"schema_version":3,"schema_name":"TwoDimTableV3","schema_type":"TwoDimTable"},"name":"Input Frames Information","description":"","columns":[{"__meta":{"schema_version":-1,"schema_name":"ColumnSpecsBase","schema_type":"Iced"},"name":"","type":"string","format":"%s","description":""},{"__meta":{"schema_version":-1,"schema_name":"ColumnSpecsBase","schema_type":"Iced"},"name":"input_frame","type":"string","format":"%s","description":"Input Frame"},{"__meta":{"schema_version":-1,"schema_name":"ColumnSpecsBase","schema_type":"Iced"},"name":"checksum","type":"long","format":"%d","description":"Checksum"},{"__meta":{"schema_version":-1,"schema_name":"ColumnSpecsBase","schema_type":"Iced"},"name":"espc","type":"string","format":"%d","description":"ESPC"}],"rowcount":3,"data":[["","",""],["training_frame","validation_frame","calibration_frame"],[-7218319747628308502,5293260004731950360,-1],["[0, 577]","[0, 142]","-1"]]}],"training_metrics":{"__meta":{"schema_version":3,"schema_name":"ModelMetricsRegressionV3","schema_type":"ModelMetricsRegression"},"model":{"__meta":{"schema_version":3,"schema_name":"ModelKeyV3","schema_type":"Key<Model>"},"name":"nicoranalysis","type":"Key<Model>","URL":"/3/Models/nicoranalysis"},"model_checksum":6889586039903801344,"frame":{"__meta":{"schema_version":3,"schema_name":"FrameKeyV3","schema_type":"Key<Frame>"},"name":"RTMP_sid_a0ec_6","type":"Key<Frame>","URL":"/3/Frames/RTMP_sid_a0ec_6"},"frame_checksum":-536089080999238762,"description":null,"model_category":"Regression","scoring_time":1639623639063,"predictions":null,"MSE":0.42757448161949374,"RMSE":0.6538917965684335,"nobs":577,"custom_metric_name":null,"custom_metric_value":0.0,"r2":0.9459011602260217,"mean_residual_deviance":0.42757448161949374,"mae":0.47860309197543194,"rmsle":0.00902079170285395},"validation_metrics":{"__meta":{"schema_version":3,"schema_name":"ModelMetricsRegressionV3","schema_type":"ModelMetricsRegression"},"model":{"__meta":{"schema_version":3,"schema_name":"ModelKeyV3","schema_type":"Key<Model>"},"name":"nicoranalysis","type":"Key<Model>","URL":"/3/Models/nicoranalysis"},"model_checksum":6889586039903801344,"frame":{"__meta":{"schema_version":3,"schema_name":"FrameKeyV3","schema_type":"Key<Frame>"},"name":"RTMP_sid_a0ec_7","type":"Key<Frame>","URL":"/3/Frames/RTMP_sid_a0ec_7"},"frame_checksum":-9061738383023629320,"description":null,"model_category":"Regression","scoring_time":1639623639063,"predictions":null,"MSE":0.8970825007398009,"RMSE":0.9471443927616321,"nobs":142,"custom_metric_name":null,"custom_metric_value":0.0,"r2":0.8924710786109087,"mean_residual_deviance":0.8970825007398009,"mae":0.6708245613124308,"rmsle":0.013276601875742188},"cross_validation_metrics":null,"cross_validation_metrics_summary":null,"status":null,"start_time":1639623637777,"end_time":1639623639066,"run_time":1289,"default_threshold":0.5,"help":{"domains":"Domains for categorical columns", "__meta":"Metadata on this schema instance, to make it self-describing.", "help":"Help information for output fields", "training_metrics":"Training data model metrics", "cross_validation_models":"Cross-validation models (model ids)", "cross_validation_predictions":"Cross-validation predictions, one per cv model (deprecated, use cross_validation_holdout_predictions_frame_id instead)", "cross_validation_metrics_summary":"Cross-validation model metrics summary", "status":"Job status", "reproducibility_information_table":"Model reproducibility information", "variable_importances":"Variable Importances", "model_summary":"Model summary", "end_time":"End time in milliseconds", "names":"Column names", "cross_validation_fold_assignment_frame_id":"Cross-validation fold assignment (each row is assigned to one holdout fold)", "run_time":"Runtime in milliseconds", "default_threshold":"Default threshold used for predictions", "scoring_history":"Scoring history", "cross_validation_holdout_predictions_frame_id":"Cross-validation holdout predictions (full out-of-sample predictions on training data)", "init_f":"The Intercept term, the initial model function value to which trees make adjustments", "model_category":"Category of the model (e.g., Binomial)", "column_types":"Column types", "original_names":"Original column names", "start_time":"Start time in milliseconds", "cv_scoring_history":"Cross-Validation scoring history", "cross_validation_metrics":"Cross-validation model metrics", "validation_metrics":"Validation data model metrics"},"variable_importances":{"__meta":{"schema_version":3,"schema_name":"TwoDimTableV3","schema_type":"TwoDimTable"},"name":"Variable Importances","description":"","columns":[{"__meta":{"schema_version":-1,"schema_name":"ColumnSpecsBase","schema_type":"Iced"},"name":"variable","type":"string","format":"%s","description":"Variable"},{"__meta":{"schema_version":-1,"schema_name":"ColumnSpecsBase","schema_type":"Iced"},"name":"relative_importance","type":"double","format":"%5f","description":"Relative Importance"},{"__meta":{"schema_version":-1,"schema_name":"ColumnSpecsBase","schema_type":"Iced"},"name":"scaled_importance","type":"double","format":"%5f","description":"Scaled Importance"},{"__meta":{"schema_version":-1,"schema_name":"ColumnSpecsBase","schema_type":"Iced"},"name":"percentage","type":"double","format":"%5f","description":"Percentage"}],"rowcount":10,"data":[["heatingtimes","meterreading","avghumidity","daysused","currentcharges","avgtmax","ccfs","avgtmin","tempdiff","naturalgascost"],[29128.15234375,6965.97119140625,2253.005126953125,1772.117431640625,1115.7049560546875,1114.131591796875,652.9370727539062,626.5842895507812,335.9546203613281,278.4998474121094],[1.0,0.23914909223210418,0.07734802744660013,0.060838648834548086,0.03830332054322983,0.038249305299171615,0.022416014069426768,0.021511295400967197,0.011533674240529493,0.009561191665212737],[0.6583666082306482,0.15744777671428886,0.05092335848334921,0.040054134882536896,0.025217627230017532,0.025182065396994174,0.01475795515293899,0.014162318591782314,0.007593385990174599,0.006294769327269253]]},"init_f":71.57386042953509},"compatible_frames":null}
